week_end_date,geo_country,median_listing_price_yy,active_listing_count_yy,median_days_on_market_by_day_yy,median_days_on_market_yy,new_listing_count_yy,new_listing_share_yy,price_reduced_count_yy,price_reduced_share_yy
29-Apr-23,usa,2.40%,34.80%,18,58.10%,-22.00%,-2.60%,40.20%,1.10%
22-Apr-23,usa,2.40%,38.70%,17,54.80%,-21.20%,-2.60%,61.30%,1.50%
15-Apr-23,usa,2.50%,49.10%,16,48.50%,-4.80%,-1.00%,79.40%,1.60%
8-Apr-23,usa,3.20%,44.10%,19,59.40%,-31.50%,-3.80%,62.10%,1.30%
1-Apr-23,usa,4.90%,51.60%,18,52.90%,-22.10%,-2.90%,88.70%,1.70%
25-Mar-23,usa,6.30%,56.00%,18,52.90%,-20.20%,-2.60%,105.40%,1.90%
18-Mar-23,usa,6.30%,57.70%,18,51.40%,-20.10%,-2.70%,112.00%,1.90%
11-Mar-23,usa,6.30%,60.40%,18,50.00%,-17.50%,-2.50%,123.90%,2.10%
4-Mar-23,usa,6.30%,60.20%,18,46.20%,-26.10%,-3.60%,129.50%,2.20%
25-Feb-23,usa,7.20%,66.00%,20,50.00%,-15.60%,-2.30%,145.50%,2.10%
18-Feb-23,usa,6.70%,66.30%,24,57.10%,-17.60%,-2.50%,148.50%,2.20%
11-Feb-23,usa,8.90%,68.00%,22,47.80%,-15.20%,-2.40%,154.20%,2.30%
4-Feb-23,usa,8.10%,68.30%,18,32.70%,-15.20%,-2.30%,170.00%,2.60%
28-Jan-23,usa,9.10%,68.80%,16,27.60%,-12.70%,-2.00%,157.20%,2.50%
21-Jan-23,usa,8.60%,67.50%,13,21.30%,-9.60%,-1.70%,166.40%,2.70%
14-Jan-23,usa,8.70%,64.40%,13,21.30%,-12.10%,-1.90%,163.40%,2.90%
7-Jan-23,usa,8.70%,62.30%,11,17.50%,-17.30%,-2.00%,141.80%,2.80%
31-Dec-22,usa,9.70%,65.60%,10,15.40%,-29.00%,-1.80%,91.60%,1.10%
24-Dec-22,usa,10.30%,61.20%,11,18.30%,-7.70%,-0.70%,105.50%,1.10%
17-Dec-22,usa,9.90%,56.30%,9,15.80%,-19.10%,-1.60%,103.70%,1.90%
10-Dec-22,usa,10.60%,53.70%,10,18.50%,-18.90%,-1.60%,118.40%,2.50%
3-Dec-22,usa,10.80%,51.10%,9,16.70%,-20.20%,-1.70%,120.60%,3.20%
26-Nov-22,usa,12.20%,52.50%,8,15.40%,-19.30%,-1.10%,94.20%,1.50%
19-Nov-22,usa,11.30%,48.20%,8,16.30%,-19.90%,-1.70%,114.30%,3.10%
12-Nov-22,usa,11.30%,44.80%,7,14.90%,-20.80%,-1.70%,102.30%,3.00%
5-Nov-22,usa,11.90%,41.90%,7,14.90%,-21.00%,-1.80%,104.40%,3.30%
29-Oct-22,usa,12.00%,40.00%,5,10.60%,-15.10%,-1.30%,98.10%,3.10%
22-Oct-22,usa,13.20%,35.70%,8,18.20%,-16.00%,-1.30%,98.50%,3.30%
15-Oct-22,usa,13.30%,33.10%,7,15.90%,-14.80%,-1.20%,90.00%,3.10%
8-Oct-22,usa,13.30%,31.00%,7,15.90%,-15.90%,-1.30%,85.90%,3.10%
1-Oct-22,usa,13.30%,29.60%,6,13.30%,-19.60%,-1.70%,68.20%,2.60%
24-Sep-22,usa,13.60%,28.10%,7,16.30%,-11.10%,-0.90%,79.10%,2.90%
17-Sep-22,usa,14.40%,26.60%,6,14.00%,-13.90%,-1.20%,73.10%,2.70%
10-Sep-22,usa,14.00%,25.60%,9,22.50%,33.60%,2.60%,73.90%,2.30%
3-Sep-22,usa,14.10%,26.00%,5,11.90%,-16.10%,-1.40%,72.40%,2.50%
27-Aug-22,usa,14.70%,26.00%,6,15.40%,-11.70%,-1.00%,70.00%,2.40%
20-Aug-22,usa,14.90%,26.30%,5,13.20%,-15.20%,-1.30%,66.60%,2.40%
13-Aug-22,usa,16.00%,26.90%,5,13.50%,-14.60%,-1.40%,70.90%,2.50%
6-Aug-22,usa,15.60%,27.50%,2,5.30%,-14.40%,-1.40%,79.30%,2.70%
30-Jul-22,usa,15.80%,28.10%,0,0.00%,-12.20%,-1.20%,84.10%,2.90%
23-Jul-22,usa,15.80%,27.50%,1,2.80%,-9.60%,-1.00%,90.30%,2.90%
16-Jul-22,usa,16.80%,26.50%,-1,-2.80%,-7.50%,-0.80%,91.90%,2.90%
9-Jul-22,usa,17.40%,25.40%,-2,-5.70%,-11.70%,-1.10%,94.60%,2.60%
2-Jul-22,usa,17.10%,27.10%,-4,-10.50%,1.00%,0.00%,96.00%,2.60%
25-Jun-22,usa,18.20%,22.60%,-5,-13.90%,0.20%,0.10%,97.20%,2.60%
18-Jun-22,usa,18.20%,18.60%,-5,-13.90%,-0.70%,0.20%,109.90%,2.80%
11-Jun-22,usa,18.20%,14.30%,-4,-11.40%,-3.20%,0.10%,83.30%,2.10%
4-Jun-22,usa,16.90%,12.40%,-5,-13.90%,-1.70%,0.20%,79.80%,1.80%
28-May-22,usa,16.80%,10.20%,-7,-18.90%,-2.10%,0.20%,69.60%,1.60%
21-May-22,usa,15.80%,7.80%,-7,-19.40%,6.90%,1.20%,69.80%,1.60%
14-May-22,usa,14.80%,4.20%,-6,-16.70%,1.90%,0.90%,56.80%,1.30%
7-May-22,usa,14.50%,-0.70%,-7,-18.40%,0.70%,0.90%,52.00%,1.20%
30-Apr-22,usa,13.30%,-4.20%,-8,-20.50%,0.00%,1.00%,38.90%,1.00%
23-Apr-22,usa,13.90%,-6.50%,-9,-22.50%,2.70%,1.40%,23.80%,0.70%
16-Apr-22,usa,13.40%,-13.60%,-7,-17.50%,-14.30%,-0.20%,8.30%,0.40%
9-Apr-22,usa,12.90%,-13.00%,-8,-20.00%,0.00%,1.20%,13.30%,0.50%
2-Apr-22,usa,13.30%,-13.30%,-12,-26.10%,8.40%,2.00%,13.00%,0.40%
26-Mar-22,usa,11.20%,-17.30%,-12,-26.10%,-2.70%,1.10%,-3.10%,0.20%
19-Mar-22,usa,12.70%,-18.90%,-12,-25.50%,-5.70%,0.80%,-5.10%,0.20%
12-Mar-22,usa,14.00%,-20.50%,-14,-28.00%,-5.30%,0.90%,-9.30%,0.10%
5-Mar-22,usa,14.10%,-21.80%,-14,-26.40%,-1.20%,1.50%,-17.30%,-0.10%
26-Feb-22,usa,12.10%,-23.30%,-16,-28.60%,-8.20%,0.60%,-16.10%,0.00%
19-Feb-22,usa,11.50%,-24.10%,-22,-34.40%,14.40%,2.50%,-3.30%,0.20%
12-Feb-22,usa,11.80%,-26.80%,-19,-29.20%,-1.40%,1.50%,-18.90%,-0.10%
5-Feb-22,usa,11.70%,-27.80%,-12,-17.90%,-9.00%,0.90%,-28.10%,-0.30%
29-Jan-22,usa,11.90%,-28.40%,-13,-18.30%,-10.40%,0.70%,-28.70%,-0.30%
22-Jan-22,usa,11.60%,-29.20%,-11,-15.30%,-10.00%,0.80%,-29.40%,-0.30%
15-Jan-22,usa,10.40%,-29.10%,-11,-15.30%,-10.00%,0.80%,-31.30%,-0.40%
8-Jan-22,usa,10.50%,-29.10%,-10,-13.70%,-14.10%,0.40%,-31.10%,-0.40%
1-Jan-22,usa,10.50%,-29.40%,-10,-13.30%,-5.70%,0.70%,-28.60%,-0.20%
25-Dec-21,usa,9.30%,-29.40%,-11,-15.50%,-3.40%,0.70%,-12.50%,0.10%
18-Dec-21,usa,10.00%,-27.60%,-10,-14.90%,-7.40%,0.70%,-18.30%,0.00%
11-Dec-21,usa,9.60%,-26.90%,-12,-18.20%,-6.60%,0.70%,-23.50%,-0.20%
4-Dec-21,usa,9.00%,-26.10%,-11,-16.90%,-2.70%,1.00%,-22.20%,-0.20%
27-Nov-21,usa,8.80%,-26.90%,-11,-17.50%,-11.60%,0.30%,-24.60%,-0.20%
20-Nov-21,usa,9.70%,-25.50%,-11,-18.30%,-13.00%,0.30%,-21.30%,-0.20%
13-Nov-21,usa,9.00%,-24.70%,-11,-19.00%,2.80%,1.40%,-19.60%,-0.20%
6-Nov-21,usa,8.70%,-24.20%,-10,-17.50%,4.80%,1.60%,-9.80%,0.20%
30-Oct-21,usa,8.70%,-23.60%,-10,-17.50%,-2.40%,1.00%,-10.40%,0.20%
23-Oct-21,usa,7.40%,-23.00%,-10,-18.50%,-7.20%,0.70%,-14.30%,0.00%
16-Oct-21,usa,7.40%,-22.90%,-10,-18.50%,-5.20%,0.90%,-11.50%,0.10%
9-Oct-21,usa,7.40%,-23.00%,-10,-18.50%,-6.90%,0.80%,-13.00%,0.10%
2-Oct-21,usa,7.40%,-22.90%,-11,-19.60%,-26.70%,-1.20%,-6.60%,0.40%
25-Sep-21,usa,7.40%,-22.60%,-11,-20.40%,-7.70%,0.50%,-4.90%,0.30%
18-Sep-21,usa,7.40%,-22.40%,-11,-20.40%,-7.20%,0.60%,-5.10%,0.30%
11-Sep-21,usa,7.40%,-22.90%,-14,-25.90%,-0.70%,1.00%,-8.00%,0.20%
4-Sep-21,usa,7.90%,-24.40%,-15,-26.30%,-6.40%,0.70%,-10.00%,0.10%
28-Aug-21,usa,7.40%,-24.40%,-17,-30.40%,-2.20%,0.90%,-8.80%,0.10%
21-Aug-21,usa,7.40%,-25.20%,-18,-32.10%,-1.90%,1.00%,-8.70%,0.20%
14-Aug-21,usa,7.40%,-26.50%,-17,-31.50%,0.70%,1.30%,-9.10%,0.20%
7-Aug-21,usa,8.60%,-27.60%,-18,-32.10%,4.80%,1.70%,-12.80%,0.00%
31-Jul-21,usa,9.90%,-29.50%,-19,-33.30%,4.80%,1.80%,-12.30%,0.10%
24-Jul-21,usa,9.80%,-31.20%,-21,-36.80%,3.10%,1.80%,-18.60%,-0.10%
17-Jul-21,usa,9.90%,-33.20%,-23,-39.00%,8.30%,2.30%,-24.10%,-0.40%
10-Jul-21,usa,10.10%,-35.60%,-24,-40.70%,0.60%,1.80%,-36.30%,-0.80%
3-Jul-21,usa,11.40%,-39.20%,-26,-40.60%,2.60%,1.90%,-29.40%,-0.40%
26-Jun-21,usa,11.80%,-39.70%,-29,-44.60%,12.90%,2.80%,-37.40%,-0.90%
19-Jun-21,usa,11.80%,-42.50%,-33,-47.80%,9.40%,2.60%,-42.60%,-1.10%
12-Jun-21,usa,12.10%,-44.50%,-38,-52.10%,10.90%,2.80%,-45.10%,-1.20%
5-Jun-21,usa,13.40%,-46.80%,-41,-53.20%,1.20%,2.10%,-53.60%,-1.50%
29-May-21,usa,12.80%,-49.60%,-40,-51.90%,16.10%,3.00%,-47.90%,-1.20%
22-May-21,usa,15.10%,-50.30%,-38,-51.40%,12.00%,2.80%,-53.10%,-1.50%
15-May-21,usa,15.20%,-51.80%,-37,-50.70%,15.90%,3.10%,-54.50%,-1.60%
8-May-21,usa,15.40%,-52.90%,-33,-46.50%,13.40%,2.90%,-55.30%,-1.50%
1-May-21,usa,15.90%,-52.80%,-32,-45.10%,25.40%,3.40%,-51.30%,-1.30%
24-Apr-21,usa,16.60%,-53.60%,-28,-41.20%,32.10%,3.70%,-48.50%,-1.10%
17-Apr-21,usa,15.80%,-53.70%,-27,-40.30%,52.90%,4.70%,-46.60%,-1.00%
10-Apr-21,usa,15.70%,-53.70%,-25,-38.50%,56.50%,5.00%,-44.90%,-0.80%
3-Apr-21,usa,12.80%,-55.00%,-18,-28.10%,14.70%,3.10%,-52.40%,-1.10%
27-Mar-21,usa,12.80%,-54.20%,-15,-24.60%,22.70%,3.70%,-46.80%,-0.80%
20-Mar-21,usa,11.30%,-53.50%,-13,-21.70%,0.00%,2.60%,-59.70%,-1.50%
13-Mar-21,usa,9.70%,-52.50%,-11,-18.00%,-9.40%,1.90%,-64.10%,-1.90%
6-Mar-21,usa,9.90%,-51.20%,-11,-17.20%,-8.70%,1.90%,-62.40%,-1.90%
27-Feb-21,usa,12.20%,-51.20%,-19,-25.30%,-8.20%,1.70%,-64.00%,-1.90%
20-Feb-21,usa,12.60%,-50.40%,-14,-17.90%,-18.80%,0.60%,-66.30%,-1.90%
13-Feb-21,usa,11.30%,-49.10%,-17,-20.70%,-8.20%,1.50%,-61.20%,-1.80%
6-Feb-21,usa,13.20%,-48.00%,-18,-21.20%,-7.30%,1.50%,-57.60%,-1.70%
30-Jan-21,usa,11.70%,-46.70%,-16,-18.40%,-2.80%,1.70%,-53.10%,-1.50%
23-Jan-21,usa,11.70%,-45.30%,-15,-17.20%,-3.80%,1.50%,-51.30%,-1.40%
16-Jan-21,usa,11.90%,-44.20%,-15,-17.20%,-2.90%,1.50%,-49.50%,-1.40%
9-Jan-21,usa,11.40%,-43.10%,-15,-17.00%,-9.20%,1.00%,-50.00%,-1.60%
2-Jan-21,usa,10.40%,-42.80%,-17,-18.50%,-16.80%,0.10%,-56.60%,-1.40%
26-Dec-20,usa,11.60%,-42.20%,-17,-19.30%,24.00%,1.20%,-35.80%,-0.30%
19-Dec-20,usa,11.70%,-41.00%,-18,-21.20%,15.60%,1.70%,-31.30%,-0.50%
12-Dec-20,usa,12.50%,-40.60%,-15,-18.50%,16.20%,1.80%,-36.00%,-0.80%
5-Dec-20,usa,13.20%,-40.30%,-15,-18.80%,7.40%,1.40%,-39.80%,-1.20%
28-Nov-20,usa,13.30%,-40.40%,-15,-19.20%,10.30%,1.10%,-35.10%,-0.60%
21-Nov-20,usa,13.30%,-39.80%,-14,-18.90%,23.60%,2.30%,-38.30%,-1.20%
14-Nov-20,usa,12.80%,-39.60%,-14,-19.40%,2.70%,1.20%,-39.20%,-1.30%
7-Nov-20,usa,13.10%,-39.90%,-14,-19.70%,0.10%,1.10%,-47.20%,-1.80%
31-Oct-20,usa,12.00%,-39.20%,-15,-20.80%,-2.50%,0.80%,-46.40%,-1.90%
24-Oct-20,usa,12.60%,-39.20%,-17,-23.90%,13.40%,1.80%,-43.90%,-1.80%
17-Oct-20,usa,12.60%,-38.80%,-14,-20.60%,8.30%,1.50%,-45.50%,-2.00%
10-Oct-20,usa,12.60%,-39.30%,-14,-20.60%,11.60%,1.80%,-42.80%,-1.80%
3-Oct-20,usa,12.60%,-39.20%,-15,-21.10%,35.50%,3.50%,-25.80%,-0.60%
26-Sep-20,usa,10.80%,-37.50%,-19,-26.00%,12.50%,2.00%,13.60%,0.80%
19-Sep-20,usa,10.80%,-35.10%,-21,-28.00%,18.30%,2.20%,-2.50%,0.40%
12-Sep-20,usa,9.40%,-33.50%,-24,-30.80%,10.40%,1.60%,-18.10%,-0.20%
5-Sep-20,usa,8.90%,-32.50%,-21,-26.90%,30.40%,2.60%,-14.60%,-0.10%
29-Aug-20,usa,9.40%,-31.30%,-22,-28.20%,39.50%,2.70%,-27.30%,-0.80%
22-Aug-20,usa,10.80%,-31.80%,-18,-24.30%,12.00%,1.70%,-78.10%,-10.20%
15-Aug-20,usa,9.40%,-40.20%,-17,-23.90%,81.40%,4.50%,487.00%,2.90%
8-Aug-20,usa,8.50%,-38.10%,-10,-15.20%,94.90%,4.70%,573.90%,3.00%
1-Aug-20,usa,8.50%,-35.60%,-7,-10.90%,27.00%,2.50%,-28.90%,-0.80%
25-Jul-20,usa,8.80%,-35.10%,-4,-6.60%,2.10%,1.30%,-44.60%,-1.90%
18-Jul-20,usa,8.20%,-34.10%,-1,-1.70%,-4.90%,0.80%,-43.50%,-1.80%
11-Jul-20,usa,7.80%,-32.90%,-1,-1.70%,-10.10%,0.40%,-47.30%,-2.20%
4-Jul-20,usa,6.30%,-32.20%,4,6.70%,7.70%,1.40%,-33.40%,-1.00%
27-Jun-20,usa,6.30%,-31.20%,7,12.10%,-11.30%,0.20%,-43.40%,-1.80%
20-Jun-20,usa,6.20%,-29.80%,11,19.00%,-12.90%,0.10%,-42.40%,-1.70%
13-Jun-20,usa,5.90%,-27.90%,15,25.90%,-11.60%,0.20%,-40.20%,-1.60%
6-Jun-20,usa,4.70%,-26.10%,20,35.10%,-11.30%,0.20%,-40.80%,-1.60%
30-May-20,usa,4.10%,-24.50%,19,32.80%,-17.70%,-0.20%,-40.50%,-1.40%
23-May-20,usa,3.10%,-23.20%,18,32.10%,-13.90%,0.10%,-35.60%,-1.10%
16-May-20,usa,2.80%,-21.80%,18,32.70%,-22.60%,-0.60%,-40.90%,-1.50%
9-May-20,usa,1.60%,-20.80%,15,26.80%,-22.80%,-0.60%,-40.60%,-1.40%
2-May-20,usa,1.40%,-20.00%,13,22.40%,-31.60%,-1.40%,-46.10%,-1.70%
25-Apr-20,usa,0.30%,-18.70%,10,17.20%,-32.60%,-1.50%,-46.60%,-1.60%
18-Apr-20,usa,1.40%,-16.80%,8,13.60%,-37.40%,-1.90%,-41.90%,-1.20%
11-Apr-20,usa,1.30%,-17.20%,6,10.20%,-45.10%,-2.90%,-52.30%,-1.90%
4-Apr-20,usa,2.90%,-16.40%,2,3.20%,-35.40%,-2.30%,-47.20%,-1.80%
28-Mar-20,usa,3.20%,-15.40%,-4,-6.20%,-26.50%,-1.40%,-45.10%,-1.70%
21-Mar-20,usa,4.60%,-15.10%,-5,-7.70%,-9.00%,-0.20%,-26.00%,-0.90%
14-Mar-20,usa,6.30%,-15.70%,-5,-7.60%,-0.20%,0.40%,-14.50%,-0.40%
7-Mar-20,usa,5.00%,-16.60%,-3,-4.50%,2.20%,0.70%,-10.70%,-0.20%
29-Feb-20,usa,3.70%,-16.20%,-4,-5.10%,-5.70%,0.00%,-22.30%,-0.80%
22-Feb-20,usa,3.60%,-16.10%,-3,-3.70%,1.90%,0.60%,-29.00%,-1.10%
15-Feb-20,usa,2.80%,-15.90%,1,1.20%,-1.00%,0.40%,-30.00%,-1.20%
8-Feb-20,usa,1.70%,-15.70%,0,0.00%,-1.10%,0.50%,-24.10%,-0.80%
1-Feb-20,usa,3.10%,-15.10%,0,0.00%,-2.50%,0.30%,-28.30%,-1.10%
25-Jan-20,usa,3.40%,-15.00%,0,0.00%,-3.80%,0.30%,-25.20%,-0.90%
18-Jan-20,usa,3.30%,-14.40%,0,0.00%,-6.70%,0.10%,-27.00%,-1.00%
11-Jan-20,usa,3.50%,-13.90%,1,1.10%,-6.00%,0.10%,-22.00%,-0.80%
4-Jan-20,usa,3.50%,-13.30%,3,3.40%,-12.60%,-0.30%,-36.60%,-1.40%
28-Dec-19,usa,3.60%,-12.50%,-1,-1.10%,-7.20%,0.00%,-40.90%,-0.90%
21-Dec-19,usa,3.80%,-11.90%,1,1.20%,-2.00%,0.10%,-31.20%,-1.00%
14-Dec-19,usa,3.40%,-11.70%,0,0.00%,-6.90%,-0.10%,-25.50%,-0.90%
7-Dec-19,usa,3.40%,-11.20%,1,1.30%,-2.80%,0.10%,-16.10%,-0.60%
30-Nov-19,usa,3.40%,-10.40%,0,0.00%,-32.60%,-1.50%,-58.70%,-3.30%
23-Nov-19,usa,1.70%,-10.00%,-1,-1.30%,45.80%,1.70%,24.40%,0.90%
16-Nov-19,usa,3.40%,-9.70%,0,0.00%,-0.80%,0.10%,-20.90%,-1.00%
9-Nov-19,usa,3.40%,-8.80%,0,0.00%,-2.50%,0.00%,-17.90%,-0.90%
2-Nov-19,usa,4.40%,-9.00%,1,1.40%,-1.40%,0.10%,-26.00%,-1.60%
26-Oct-19,usa,5.10%,-8.40%,0,0.00%,-0.70%,0.10%,-22.40%,-1.30%
19-Oct-19,usa,5.10%,-8.20%,-1,-1.40%,-3.40%,0.00%,-20.50%,-1.20%
12-Oct-19,usa,4.90%,-6.80%,0,0.00%,-1.50%,0.00%,-21.70%,-1.30%
5-Oct-19,usa,4.90%,-6.70%,4,6.00%,-0.60%,0.00%,-44.70%,-3.10%
28-Sep-19,usa,6.40%,-8.90%,6,9.00%,-4.10%,-0.20%,-63.30%,-4.20%
21-Sep-19,usa,5.90%,-11.80%,9,13.60%,-7.60%,-0.30%,-55.50%,-3.50%
14-Sep-19,usa,7.10%,-13.20%,12,18.20%,-16.90%,-0.80%,-49.90%,-3.00%
7-Sep-19,usa,7.20%,-13.90%,13,20.00%,-20.30%,-1.00%,-47.50%,-2.70%
31-Aug-19,usa,8.10%,-13.50%,13,20.00%,-26.80%,-1.40%,-40.30%,-2.30%
24-Aug-19,usa,6.00%,-12.60%,10,15.60%,-8.30%,-0.30%,102.00%,7.20%
17-Aug-19,usa,7.00%,1.20%,7,10.90%,-43.00%,-3.00%,-92.40%,-5.90%
10-Aug-19,usa,7.00%,-1.20%,5,8.20%,-47.80%,-3.30%,-93.10%,-5.80%
3-Aug-19,usa,6.40%,-3.40%,3,4.90%,-28.80%,-2.10%,-38.70%,-2.50%
27-Jul-19,usa,6.40%,-2.50%,1,1.70%,-2.00%,-0.20%,-16.70%,-1.10%
20-Jul-19,usa,6.70%,-2.00%,0,0.00%,-2.00%,-0.20%,-13.40%,-0.90%
13-Jul-19,usa,6.70%,-1.50%,1,1.70%,2.80%,0.10%,-9.10%,-0.70%
6-Jul-19,usa,6.70%,-1.20%,1,1.70%,-5.60%,-0.40%,-18.20%,-1.00%
29-Jun-19,usa,6.70%,-0.20%,0,0.00%,4.80%,0.20%,-11.90%,-0.80%
22-Jun-19,usa,6.70%,-0.10%,1,1.80%,5.20%,0.30%,-10.80%,-0.70%
15-Jun-19,usa,6.70%,0.30%,1,1.80%,-1.70%,-0.20%,-9.90%,-0.60%
8-Jun-19,usa,6.70%,0.60%,1,1.80%,-0.10%,-0.10%,-8.80%,-0.60%
1-Jun-19,usa,7.00%,1.10%,1,1.80%,0.70%,-0.10%,-13.60%,-0.90%
25-May-19,usa,6.70%,1.70%,0,0.00%,2.80%,0.00%,-9.90%,-0.60%
18-May-19,usa,6.70%,1.60%,-2,-3.50%,1.40%,0.00%,-6.80%,-0.50%
11-May-19,usa,7.00%,2.50%,-1,-1.80%,1.10%,-0.10%,-6.50%,-0.40%
4-May-19,usa,6.70%,2.70%,0,0.00%,-2.80%,-0.40%,-11.60%,-0.70%
27-Apr-19,usa,7.00%,3.00%,0,0.00%,1.70%,-0.10%,-9.40%,-0.60%
20-Apr-19,usa,6.80%,2.50%,0,0.00%,-5.60%,-0.60%,-16.50%,-0.90%
13-Apr-19,usa,6.80%,3.90%,-1,-1.70%,4.90%,0.10%,-4.40%,-0.40%
6-Apr-19,usa,6.90%,3.40%,1,1.60%,1.80%,-0.10%,-2.30%,-0.20%
30-Mar-19,usa,6.90%,4.80%,1,1.60%,5.70%,0.10%,-0.40%,-0.20%
23-Mar-19,usa,5.90%,3.50%,1,1.60%,0.40%,-0.20%,-7.60%,-0.50%
16-Mar-19,usa,5.30%,3.20%,1,1.50%,-3.30%,-0.50%,-5.50%,-0.40%
9-Mar-19,usa,5.80%,4.30%,1,1.50%,-1.90%,-0.40%,-7.50%,-0.50%
2-Mar-19,usa,6.80%,4.20%,3,3.90%,-7.70%,-0.90%,-6.80%,-0.50%
23-Feb-19,usa,7.20%,4.90%,0,0.00%,-5.80%,-0.70%,13.00%,0.40%
16-Feb-19,usa,8.00%,5.40%,-1,-1.20%,-2.70%,-0.50%,17.00%,0.50%
9-Feb-19,usa,7.30%,6.10%,-2,-2.30%,-1.90%,-0.50%,14.10%,0.40%
2-Feb-19,usa,7.00%,6.30%,-2,-2.20%,-10.20%,-1.10%,8.60%,0.20%
26-Jan-19,usa,7.40%,6.80%,-2,-2.20%,0.20%,-0.40%,11.50%,0.20%
19-Jan-19,usa,7.40%,6.50%,-4,-4.40%,8.00%,0.10%,29.80%,0.90%
12-Jan-19,usa,7.20%,5.90%,-3,-3.30%,8.80%,0.20%,21.20%,0.70%
5-Jan-19,usa,7.30%,5.20%,-3,-3.30%,-7.90%,-0.60%,18.60%,0.50%
29-Dec-18,usa,7.40%,5.80%,-3,-3.30%,-7.30%,-0.30%,-6.30%,-0.30%
22-Dec-18,usa,7.40%,5.40%,-4,-4.50%,11.40%,0.30%,20.30%,0.50%
15-Dec-18,usa,7.40%,5.10%,-4,-4.70%,4.40%,0.00%,17.50%,0.50%
8-Dec-18,usa,7.40%,4.90%,-3,-3.70%,-3.10%,-0.40%,15.10%,0.50%
1-Dec-18,usa,7.40%,5.20%,-3,-3.70%,-0.30%,-0.20%,15.90%,0.60%
24-Nov-18,usa,8.00%,4.40%,-6,-7.40%,-1.70%,-0.20%,14.80%,0.30%
17-Nov-18,usa,8.10%,3.80%,-6,-7.70%,-1.20%,-0.20%,14.40%,0.50%
10-Nov-18,usa,7.30%,3.50%,-7,-9.00%,4.80%,0.10%,17.30%,0.70%
3-Nov-18,usa,7.30%,2.60%,-7,-9.00%,-7.20%,-0.60%,18.20%,0.90%
27-Oct-18,usa,7.30%,2.50%,-6,-7.80%,-5.50%,-0.40%,26.10%,1.20%
20-Oct-18,usa,7.30%,1.90%,-6,-8.00%,2.80%,0.10%,18.00%,0.90%
13-Oct-18,usa,7.50%,1.10%,-6,-8.10%,2.80%,0.10%,19.80%,1.00%
6-Oct-18,usa,7.50%,0.60%,-6,-8.20%,-8.50%,-0.60%,21.70%,1.30%
29-Sep-18,usa,7.60%,-0.10%,-6,-8.20%,1.30%,0.00%,14.10%,0.80%
22-Sep-18,usa,8.20%,-0.40%,-6,-8.30%,-28.80%,-2.40%,20.80%,1.30%
15-Sep-18,usa,8.30%,1.80%,-5,-7.00%,5.20%,0.20%,18.80%,0.80%
8-Sep-18,usa,8.20%,-1.20%,-6,-8.50%,8.10%,0.50%,25.30%,1.30%
1-Sep-18,usa,7.30%,-1.80%,-5,-7.10%,6.50%,0.50%,11.10%,0.70%
25-Aug-18,usa,8.00%,-2.60%,-4,-5.90%,-2.70%,0.00%,13.00%,0.90%
18-Aug-18,usa,8.40%,-2.80%,-3,-4.50%,0.10%,0.10%,7.90%,0.60%
11-Aug-18,usa,8.70%,-3.20%,-5,-7.60%,-1.00%,0.10%,7.40%,0.60%
4-Aug-18,usa,8.70%,-3.50%,-4,-6.20%,5.20%,0.50%,7.30%,0.60%
28-Jul-18,usa,7.70%,-4.10%,-6,-9.10%,3.50%,0.50%,5.50%,0.50%
21-Jul-18,usa,7.20%,-4.40%,-5,-7.70%,1.30%,0.40%,3.50%,0.40%
14-Jul-18,usa,7.50%,-5.10%,-6,-9.20%,2.30%,0.50%,3.20%,0.40%
7-Jul-18,usa,7.50%,-5.70%,-5,-7.80%,-0.90%,0.20%,0.40%,0.20%
30-Jun-18,usa,7.50%,-4.80%,-4,-6.50%,-1.50%,0.20%,1.80%,0.30%
23-Jun-18,usa,7.30%,-5.80%,-4,-6.60%,2.10%,0.50%,3.00%,0.40%
16-Jun-18,usa,7.50%,-6.10%,-4,-6.60%,4.40%,0.60%,1.40%,0.30%
9-Jun-18,usa,7.50%,-6.80%,-5,-8.20%,2.20%,0.60%,3.00%,0.50%
2-Jun-18,usa,7.50%,-7.10%,-4,-6.60%,0.40%,0.40%,0.50%,0.30%
26-May-18,usa,7.70%,-7.50%,-5,-8.20%,0.20%,0.40%,1.60%,0.40%
19-May-18,usa,7.90%,-7.60%,-4,-6.60%,1.80%,0.60%,0.20%,0.30%
12-May-18,usa,8.40%,-7.90%,-4,-6.60%,2.90%,0.70%,-4.90%,0.00%
5-May-18,usa,8.70%,-8.80%,-3,-4.90%,1.20%,0.60%,10.40%,0.80%
28-Apr-18,usa,10.40%,-9.30%,-5,-7.90%,-7.60%,0.00%,-6.40%,0.00%
21-Apr-18,usa,7.30%,-9.00%,-4,-6.30%,-0.30%,0.50%,-5.50%,0.00%
14-Apr-18,usa,9.20%,-8.50%,-5,-7.70%,9.70%,1.20%,7.60%,0.60%
7-Apr-18,usa,7.40%,-9.10%,-4,-6.20%,2.90%,0.80%,-3.30%,0.20%
31-Mar-18,usa,7.40%,-9.40%,-2,-3.00%,-10.10%,-0.20%,-14.20%,-0.30%
24-Mar-18,usa,7.90%,-9.00%,-3,-4.50%,-1.10%,0.50%,-4.90%,0.10%
17-Mar-18,usa,7.50%,-8.90%,-3,-4.40%,5.50%,1.00%,-1.70%,0.20%
10-Mar-18,usa,7.80%,-9.40%,-6,-8.30%,0.00%,0.60%,-4.50%,0.10%
3-Mar-18,usa,7.70%,-9.40%,-5,-6.20%,-1.80%,0.50%,-5.80%,0.10%
24-Feb-18,usa,7.70%,-9.40%,-6,-6.90%,-3.40%,0.30%,-6.00%,0.10%
17-Feb-18,usa,7.80%,-9.30%,-9,-9.90%,-12.30%,-0.30%,-6.30%,0.10%
10-Feb-18,usa,8.10%,-8.70%,-6,-6.50%,1.20%,0.60%,-4.50%,0.10%
3-Feb-18,usa,8.80%,-9.80%,-5,-5.30%,0.80%,0.60%,-5.40%,0.10%
27-Jan-18,usa,8.00%,-9.60%,-7,-7.30%,-0.10%,0.50%,-4.50%,0.10%
20-Jan-18,usa,8.00%,-9.50%,-5,-5.20%,-2.90%,0.40%,-5.90%,0.10%
13-Jan-18,usa,7.80%,-9.40%,-6,-6.30%,0.00%,0.50%,-0.90%,0.30%
6-Jan-18,usa,7.80%,-9.40%,-4,-4.20%,-14.40%,-0.40%,-11.30%,-0.10%
30-Dec-17,usa,7.70%,-8.80%,-7,-7.10%,-9.50%,0.00%,-12.10%,-0.10%
23-Dec-17,usa,7.60%,-9.00%,-7,-7.40%,10.00%,0.60%,14.40%,0.60%
16-Dec-17,usa,8.00%,-8.70%,-7,-7.60%,2.20%,0.40%,-0.40%,0.30%
9-Dec-17,usa,8.00%,-8.80%,-7,-7.90%,5.10%,0.60%,2.70%,0.40%
2-Dec-17,usa,8.00%,-9.00%,-6,-6.90%,-3.20%,0.20%,1.80%,0.50%
25-Nov-17,usa,9.20%,-8.50%,-6,-6.90%,1.50%,0.30%,2.80%,0.30%
18-Nov-17,usa,8.80%,-8.50%,-6,-7.10%,-0.90%,0.30%,-2.60%,0.20%
11-Nov-17,usa,8.30%,-8.10%,-4,-4.90%,4.80%,0.60%,8.40%,0.70%
4-Nov-17,usa,7.80%,-7.80%,-4,-4.90%,14.50%,1.20%,5.60%,0.60%
28-Oct-17,usa,7.90%,-8.30%,-5,-6.10%,9.50%,0.90%,-4.30%,0.10%
21-Oct-17,usa,7.80%,-8.30%,-5,-6.30%,2.70%,0.50%,4.90%,0.60%
14-Oct-17,usa,7.80%,-8.30%,-5,-6.30%,3.90%,0.60%,5.40%,0.60%
7-Oct-17,usa,7.80%,-8.20%,-6,-7.60%,10.00%,1.00%,7.00%,0.70%
30-Sep-17,usa,7.80%,-7.80%,-6,-7.60%,3.10%,0.60%,5.50%,0.70%
23-Sep-17,usa,7.80%,-8.80%,-6,-7.70%,41.60%,2.90%,-4.60%,0.00%
16-Sep-17,usa,7.80%,-11.60%,-7,-9.00%,2.60%,0.80%,-5.80%,0.20%
9-Sep-17,usa,7.90%,-9.40%,-7,-9.00%,0.50%,0.50%,-4.90%,0.10%
2-Sep-17,usa,9.10%,-9.40%,-7,-9.10%,-2.10%,0.30%,0.30%,0.40%
26-Aug-17,usa,7.90%,-9.20%,-7,-9.30%,9.10%,0.90%,2.20%,0.50%
19-Aug-17,usa,7.80%,-9.20%,-7,-9.50%,3.40%,0.70%,3.50%,0.60%
12-Aug-17,usa,7.80%,-9.20%,-7,-9.60%,7.10%,0.90%,2.30%,0.50%
5-Aug-17,usa,7.80%,-9.60%,-8,-11.00%,4.20%,0.70%,5.30%,0.70%
29-Jul-17,usa,8.00%,-9.90%,-6,-8.30%,1.30%,0.50%,3.40%,0.60%
22-Jul-17,usa,7.80%,-10.00%,-6,-8.50%,-0.30%,0.50%,4.30%,0.60%
15-Jul-17,usa,7.70%,-9.60%,-4,-5.80%,1.90%,0.60%,0.80%,0.50%
8-Jul-17,usa,7.70%,-10.30%,-4,-5.90%,-3.70%,0.30%,-2.80%,0.30%
